SEQN,y
492834,1.4663122
309349,-1.1731937
468308,-1.1424266
838812,-2.4496956
947936,1.1297598
794779,2.167431
34510,0.8393631
593667,0.25651708
198552,-2.0322123
419973,-0.57742536
121699,-1.4053336
955042,1.1415312
52130,-0.28430906
915446,-0.32416087
111978,0.37741205
741159,-0.5199929
111228,-0.2797691
562295,0.40028825
129597,-1.9561449
800235,3.0749075
631930,-0.2620474
942595,-1.3803803
397007,-0.21691915
237021,0.56537914
798129,-0.8957737
374665,-0.9386206
162007,0.9521499
266206,2.6599271
994584,1.4809053
513135,-0.654269
231842,-0.66607875
340263,-0.9354666
672214,0.27972072
640097,1.4326087
604530,0.20594637
367011,1.0733552
785148,-0.65344
832902,0.73205787
433870,-1.5724882
243579,0.12824434
18566,-1.5961598
116240,1.7853726
290262,-2.368246
553454,1.7170262
830281,-1.4362677
451105,-0.13037163
496171,0.9854855
63641,-0.2131263
744055,-1.5223594
867892,-0.2242659
544332,1.42647
167378,1.2573874
978307,0.41086853
113056,0.82376945
525535,0.99979794
894560,0.38636738
635846,0.1916236
570498,0.350112
987787,-2.0422442
552047,2.348768
432880,-0.29638058
974996,0.995943
571977,1.247704
713538,-1.912208
528804,1.9316623
307282,-1.9394842
226622,-3.4457128
698968,-1.6903975
945069,0.6579128
169885,-0.7373289
177116,2.0181568
398015,-2.5534732
255219,-0.31216305
970438,1.1533376
515262,0.22836897
449983,-0.224922
539269,-0.21685046
443005,1.9496932
812110,-1.7382935
458408,-0.53037953
54981,-1.6998588
367907,-2.2833705
791725,1.1873139
469142,0.094739884
260883,-1.3921126
886744,1.5105504
64917,1.0862558
177023,1.358039
973906,-0.44542426
816964,-0.51821387
197520,-1.5396415
720184,0.9398885
72539,1.1296613
765019,-0.32832766
41533,0.14085752
752755,0.6118382
994926,1.1928923
1575,-2.3271217
657405,-2.4088116
444618,-0.17209491
594654,-2.1207328
281423,1.1183683
994047,-1.6843709
584683,1.1610124
514744,0.44109833
2300,-1.4686096
307934,0.42448235
609670,2.0160317
6802,-1.3005028
925223,0.9000183
427315,-2.3050394
294416,-0.010750244
266972,1.9017007
447529,0.8646529
238404,-0.017102603
685531,0.12819108
827677,1.5065789
345964,2.9612794
936589,3.358105
726478,-1.4866263
522261,-1.7578404
391069,-1.1051621
539344,0.73886466
944972,-0.99878865
51143,1.5916809
76865,2.4619203
165859,-1.514594
794492,-1.2219976
79926,0.6672233
419559,-3.4960833
69669,-0.64481986
440855,-1.1874573
474145,0.97049654
161603,-0.40042084
459896,0.7957295
884647,-1.1377411
324518,0.59351605
669667,0.6773278
936340,1.4288284
115799,0.99800324
893569,0.30330613
166090,1.1641951
588128,0.023847504
768743,-0.97661096
860161,-0.9161448
357454,-1.3056757
499163,-1.3171301
918587,-2.0661676
922085,1.4643586
306136,-1.2812687
129345,1.5679784
210132,-0.16026816
735718,0.44926673
715048,-1.2917992
927141,-0.20031697
205903,2.2524726
23303,1.1506685
699074,-2.6714106
694407,0.40692586
389246,-3.318506
45202,-0.45711938
298871,-1.8673248
29319,-2.0087302
929596,0.2987506
46724,1.4740503
951627,1.884388
186788,-1.561883
551851,-1.8164809
989975,2.8912165
28173,1.1202835
875594,0.4688271
717401,-0.40802887
598150,-1.0041652
585110,0.5396837
836618,2.4622777
908364,-0.520359
677501,0.9487953
796447,0.65614164
33233,0.030131362
203556,0.52052987
801095,-1.4410231
205709,-1.4791577
319890,-1.8202994
260479,-1.4017867
904004,-0.61435914
723359,0.3545839
864991,2.100129
647462,-1.1645378
598447,-0.45884722
864484,1.4640319
826923,2.2167947
128073,-0.6842842
462073,-0.38550493
752492,0.09819098
495486,1.4566332
780591,-0.39239827
312189,2.5936534
279219,-3.0977113
541706,-1.8104578
792835,1.4591258
887777,-0.16327596
772433,0.34087774
156861,0.6959449
474441,0.20548114
118908,1.3440006
755628,-1.3253003
157591,-0.87476873
17244,1.1799439
517732,-1.3452059
765410,1.8250124
786913,0.98277634
320809,-2.3100152
92679,0.68532974
550636,1.1062174
661768,0.33824
501506,-0.4809627
875878,-1.336859
422466,0.88761926
720717,2.0256965
499673,-2.0483754
123849,-0.183696
600426,-1.5720495
717188,-1.5596664
318271,-1.444848
857852,0.34906557
559901,-0.26001307
130562,1.4448719
400778,0.104396984
868256,-1.5074857
357901,-0.70327854
569392,-0.27154732
619831,1.5616648
348613,-1.0392234
697032,-0.7336013
512988,-1.393626
180771,-0.10085502
469886,-1.2077138
654848,1.790953
603413,2.076317
573662,0.05304809
475351,-0.07951627
370448,-1.0488993
735427,-0.28885603
994639,-1.4753208
767923,-0.48656055
47363,-1.8644848
174817,-0.20601618
540466,-0.9975441
706360,-0.52878803
214508,1.0033604
491282,-0.46122062
13680,3.692174
961950,-0.11470958
949951,2.810775
544010,2.929397
979640,-2.6135147
820066,1.4105694
795666,2.4193242
228415,0.7681888
289643,-1.2647133
728998,-1.4199554
601812,-0.97659075
988980,-2.0121377
242629,-1.2079239
78780,-0.22423893
85569,-1.2286232
855369,-0.5836854
288422,0.618707
538130,-1.4647329
425904,-1.9800951
799259,0.27585065
569376,-2.473011
245285,2.5318706
841021,-2.5365942
369138,1.8714112
204827,-0.29902366
439918,2.6833987
550192,-0.49940908
915681,-1.2871183
976710,0.074868016
741847,-1.4328547
609302,2.07052
164714,1.8935862
107617,2.5249944
651435,1.0491449
562571,0.6587768
971995,-0.85341966
458413,0.22124612
949047,-0.059486326
500460,3.2912767
635033,0.6280772
906201,0.8170124
431414,2.5787094
608640,-2.064298
283199,0.74025553
498859,1.1745855
520420,1.6612502
776901,-0.16778564
600802,-1.0403241
627801,0.75638944
326555,1.3608981
465975,-0.27166465
496538,-1.4949678
900748,1.1479592
413363,-1.9596992
287415,0.053015314
292231,-3.1278377
317564,-0.6971212
393335,1.396789
115671,-1.1490121
680821,-2.1263337
434223,-0.84335274
928781,0.94076914
779493,0.32167014
78197,-2.1765513
301586,0.84657633
828958,0.6593027
866497,-0.22880918
366517,2.6230562
634422,-0.913306
824965,-2.3472116
343350,2.2413146
693793,-0.31803098
622739,1.0056366
646991,1.3617704
23584,-1.7321342
278283,-0.30664366
227050,-1.6080163
930288,-0.49297374
843180,1.8384136
77872,-0.98489994
166931,-0.60268635
105616,0.7919949
761261,-1.398569
289603,-1.5085438
85901,-0.78018945
135410,1.9646542
196689,-1.8035481
630273,-0.71607625
411213,-1.1959748
113381,-0.46571913
176726,-1.6626778
824541,1.427854
803142,-1.1757356
879426,1.1079696
657053,1.3026922
205434,2.895633
86494,-0.99228
719102,-0.53891313
147173,2.0992396
587419,0.57108736
903597,1.1858974
207936,0.7642615
556721,1.7807858
762840,1.0196985
838456,-3.4507892
572734,1.7903639
365472,0.35301322
524614,-0.0029764897
486536,-1.4011159
189043,-0.47434407
267201,1.3047961
109211,-1.5095181
901550,-0.86064327
666483,0.41000885
649802,1.2379073
228270,-1.3881336
246796,0.42046914
839447,-0.8388875
548504,0.000717063
195333,-1.8987993
685195,-1.1040108
821650,-0.36732325
446920,-1.3704443
755630,1.6408845
719237,-1.061774
644196,-0.41250253
483888,-0.15915647
842770,2.4518113
870473,-2.7390113
347689,1.8361605
857893,0.7118479
134478,-0.3073053
566582,1.9919696
403054,-0.02260062
410177,-2.754195
897650,-2.5822463
850966,-0.46561378
574496,-1.1773894
718324,1.7135006
160163,-1.3570231
500871,1.3434803
211473,2.0534198
119091,-1.0791141
43998,-1.0212363
947460,1.3994504
601180,-1.7585058
116931,-2.2015188
433644,-1.6830059
11218,0.037410967
914786,-0.9831139
373806,2.0671093
541476,-0.23681217
197100,-1.1602031
920580,-2.679229
447054,-2.0453649
169435,0.28851628
115186,1.0299823
207034,-1.5476722
621558,1.1445761
368032,-0.19536337
23435,1.9777092
377495,-1.2324919
774310,0.7658303
285903,-2.8078084
725103,1.5827197
705228,0.76595855
527724,0.29827526
683656,-1.0568198
605914,-0.0026202304
888651,2.753886
940931,1.8679945
913235,-1.2318949
163467,0.5273774
819281,-1.9990923
487224,-2.4170642
806478,1.4550074
646977,-0.04949451
966394,1.1538023
467834,0.27965164
773307,1.0122885
823183,-2.088198
853284,0.6198724
541161,-1.0347841
640861,0.50824714
674846,0.52386826
955340,-1.8518461
46069,-0.70489883
265746,1.4121623
790121,0.6608917
789753,-2.0858614
277376,0.09655617
970530,-1.5234578
575581,0.3907606
929512,-0.8365204
455284,-1.43798
453166,-1.2505949
119955,1.2320106
384160,0.6878795
96056,-1.039662
574963,0.03304128
632703,-1.7818475
520661,2.235391
729351,-0.67074627
190964,0.06974907
139577,-0.9859571
946214,-1.8402491
590911,-0.6428084
885939,-2.5046256
41196,0.72133446
47533,1.6137263
414883,-0.1316041
463712,1.3241597
323424,-1.4127501
565044,-2.0625615
22822,0.7898073
474539,-0.73187196
314830,0.29268828
472473,-1.6500832
800215,1.4371802
361076,-0.039937742
511252,1.1990546
857872,0.3416449
940977,0.22210452
564677,-0.17661208
674231,0.12168715
163640,0.26849103
300707,1.082126
714455,2.5951016
578602,-1.2984126
316970,-1.3125297
928676,-2.1311445
203592,-1.141642
436630,-0.5306495
909204,1.5843838
44975,1.8440869
320954,-1.1411217
899019,-0.015173634
526731,-1.1522614
399125,-2.2335484
245630,-1.4817804
994766,0.25204125
727060,1.2714823
641514,-0.054683182
522310,1.028158
373687,-0.0689541
461208,-2.4283624
435234,-2.4980788
732404,2.6791847
226579,0.52609545
192064,1.3234127
504219,0.6891223
958086,-0.3039103
239072,1.1804299
414026,0.64299643
745494,-1.7347612
4472,1.0036485
326607,-1.5578384
558983,1.6788434
526700,-1.5299877
957616,-1.1870017
123464,3.726356
831361,-1.5858465
515623,0.1835992
889582,-0.8174894
289091,-2.4251575
718629,-0.9237714
147195,-0.13699612
671544,-1.9974972
110931,-1.2273264
499174,0.49428356
686379,0.58369416
837073,-2.9962947
243346,0.31103212
250867,2.0174146
34460,1.1329381
461413,0.84021634
500401,-1.1559167
235041,-1.5795857
602061,-0.011087813
675764,3.3795605
841397,1.7081641
264922,-2.017503
698333,-1.9370636
214760,-0.47461414
730856,-2.0070584
934017,-1.369122
144554,-0.7983839
365027,2.383336
286897,-2.1160533
244629,1.2192056
623765,1.2931992
371484,0.039437123
241849,-0.113236025
185024,0.25694585
821470,0.3947853
146436,0.9893889
105812,-0.24670231
301629,0.21600464
154999,-1.3110194
661916,1.7712326
563222,-0.5295548
10071,0.41310617
815332,-1.8664492
584309,-0.5757092
124780,1.0947872
304363,-3.5915496
448358,-2.6628942
949778,1.8981212
416927,-1.7445483
926077,1.1933193
517579,-1.7594403
844386,0.724644
605058,-0.99611956
990378,-0.905671
989839,1.2635773
898915,-1.2366763
104042,-0.5592172
625019,-0.43674508
527791,-0.57789445
594369,1.2762641
320724,-1.797337
20047,0.062416036
16497,-1.4399769
157331,2.0426145
786883,0.860192
321427,-0.007242321
146351,-0.30598667
590972,-1.1127958
488012,-1.9846891
478698,2.7311864
769588,-0.0626468
558037,-0.28813043
767467,0.35347068
217220,-0.4234582
521352,0.9782738
670153,-0.1082469
625108,0.33472365
876689,1.4519622
320473,2.6505115
643611,-1.432188
89807,-0.95733684
603858,-0.60604155
362545,-1.5614947
563528,-0.40043318
414307,1.6156464
543736,0.672419
869808,-2.5985045
880402,0.55212396
463456,0.76631504
69757,-0.7373386
256891,-0.8630223
114809,-0.8720614
141538,1.6524351
980769,0.3011136
837641,-1.1505831
954367,-2.0200071
439640,-0.16623351
832404,-0.989554
700848,-1.6450912
638351,-0.07619028
593498,-0.28409576
862786,0.7853813
792750,1.4544907
204494,1.0042048
464142,-1.0158596
578630,-1.5629925
374958,-1.9731485
494069,-0.123160705
523001,-2.0628715
645837,1.1745292
428074,-0.10126877
818514,2.0399036
372462,-1.6342165
214218,0.80260843
40645,-0.989435
902910,0.71808904
695436,-0.6010382
93408,-0.40948364
729364,1.29839
800368,0.76246965
338672,-1.4983281
280258,-2.6475732
971457,-0.36859742
438101,1.346138
189412,-0.8426934
919185,-1.6303036
918032,-3.2277496
437887,2.122435
208959,0.9951331
112103,-0.722646
218845,-1.0209128
363721,0.93338656
650601,0.7710821
442160,-2.0066538
423696,-0.25460014
672882,-1.6074196
789634,-0.08491482
636963,0.71279377
148346,0.6482095
267013,2.2499025
130299,-0.51544803
459608,-0.15849042
531607,-1.1970767
54252,1.1299754
604621,0.7121276
869840,-1.3280784
816220,0.6794348
311261,-1.3721632
763572,0.4312394
54956,0.15305948
756034,-2.9572554
164185,-0.09839699
310376,-0.0714361
635114,-1.4760807
827053,-1.0938774
134717,0.6889251
473615,1.0236247
783069,0.42519328
932324,0.9221553
680424,-1.794639
393886,-1.2895232
781686,-1.1463416
491650,0.642029
225204,-1.8287463
564718,-0.18665066
427287,0.089573994
539871,-0.94847876
538179,-2.7666507
405810,0.057171166
669326,1.3066267
753789,0.2816064
433178,-1.2440091
855542,-0.5367499
347231,-2.005002
183644,1.4768895
838192,0.7604454
280789,-1.2286247
786390,-2.3308034
549281,0.63860345
588547,1.1030264
40218,1.3689938
148533,-1.4852623
372952,-1.5275712
439683,1.9945943
455084,0.483143
172164,-2.1184921
412857,0.7835657
479494,0.18942258
35301,1.8425932
385428,-2.075671
615513,1.0186865
654520,0.5804363
97281,0.3049726
408605,1.0710205
981108,1.7403586
339242,-2.993771
387405,2.0556376
577314,-1.5213176
542935,0.9872399
565435,0.87614036
643634,3.800375
145499,0.48545042
816160,-1.1756958
734776,-1.1225215
489913,2.7890165
830392,-1.5796604
872932,-1.4936047
887918,-0.16355446
625421,-0.42043266
662418,1.8001292
443174,-1.1123749
425580,-2.6553576
950743,0.02420436
747848,0.78583163
521454,-2.4122221
322482,-0.26658404
441117,-0.48975375
373184,0.2464056
494834,-2.0850334
688390,-1.5221208
434181,1.4585946
382703,3.005529
239250,-1.0988203
801920,0.70081794
21386,-1.3769586
624166,0.0017665934
654815,1.0189865
9473,1.0864084
37672,-1.4669843
152043,-1.2980243
668780,-0.3036176
487970,0.24916461
788453,-0.010485998
937117,-0.98382115
551548,1.8197699
333657,-1.2574099
962967,-0.40013462
586837,0.0059141675
391161,2.7553098
964728,0.6710141
423151,0.8379909
832360,-2.0916126
988571,1.0262392
145772,1.8523854
537713,-0.3045451
657916,0.8396991
960395,1.7209747
729195,0.010761382
707958,0.73584867
874501,1.7680076
806254,-1.1542046
839017,1.2293935
957408,-1.5698926
889383,2.876247
800377,0.059326436
889787,1.9996935
884898,-1.8975567
33159,0.8082861
244059,0.699153
914620,1.4405476
605129,0.43714628
955430,-0.6039134
152056,0.6146473
674680,0.70194745
776784,-3.1848567
97161,-1.7645628
870053,-0.3436246
96603,-2.6906326
658799,-2.6465988
849308,-0.85642916
102748,2.3012342
391739,-1.3454194
921310,0.9221552
411422,1.8743664
595513,-1.8771608
415117,-0.82549
301428,-2.2885711
9001,2.2356694
376195,0.1859189
421717,-2.111751
83451,0.2767336
598414,-0.22435915
52657,-1.2401363
140092,1.043226
825642,-0.13883424
416110,0.41905904
98228,0.03662569
698752,-0.62059903
118490,0.99705744
630666,-1.7491106
663810,1.3395203
27870,-0.17357159
550599,0.7575873
135129,-0.8321405
165260,1.646235
729726,-2.0478141
564062,-0.082407646
933158,0.07101276
669116,1.012112
993500,0.5339581
860831,1.685203
491849,0.959005
20148,-2.5194237
479131,2.1904066
132620,-0.70143133
94118,0.53696847
78727,-0.19551438
356284,1.0000061
916366,-0.69324946
30948,-2.2829657
661071,-1.0263562
208723,0.34301767
77904,-0.040198065
532580,-0.2824306
197370,-0.30896506
819524,1.8176404
407269,0.5772091
150705,-0.21316987
627157,-0.28368247
752480,0.7942079
441270,1.2200904
109793,1.0024737
383633,0.2395547
563563,0.699852
491210,0.060507655
504242,1.1473502
29019,1.1689796
187797,-0.0726003
220038,-0.3239327
392493,0.98469645
303886,-2.4175453
147302,1.0788804
569192,2.0826225
533834,0.79197264
686493,-0.17209163
520212,2.0640674
650138,2.6299
205572,-0.27116436
813419,-1.2339565
778552,0.005292317
238998,-0.10556882
262450,0.15064842
594626,-2.1279778
116500,-2.503264
596057,-1.4953405
869659,-0.32052234
668933,2.3492908
192611,-1.6270007
343082,-0.24110058
899333,-1.2669123
794412,-1.8130797
291049,2.1284578
224855,-2.4000797
54659,-1.391135
202187,1.3398641
429875,-0.047281288
370366,2.0037565
428437,1.3943652
973020,0.33931085
464694,-1.1442585
430600,-0.97434604
547718,1.0314219
820464,-0.22910285
339063,-1.1772213
926677,1.4967854
15045,0.32941845
975758,-1.0143005
549968,1.0859025
134301,1.8275189
130045,1.2920803
627645,0.6311023
263606,1.0465965
497334,1.866007
951694,0.52105916
954808,-0.2789691
345996,1.8155527
51725,0.09481885
294439,-1.4941449
367915,-2.602871
134794,-1.1407806
353110,0.56577986
808076,-1.5115626
203442,0.6793303
471072,-1.2908924
421821,0.7765567
943263,0.93071467
230590,1.55378
778817,-2.595125
686709,1.1462244
495874,-0.57058764
87151,-1.6316677
165317,-0.66034734
696024,-0.8621677
873792,-0.8734585
606403,-2.5595412
428149,-1.3954306
875222,-0.054592516
622480,-0.4527513
875864,0.056487773
23465,-1.2586262
948620,-0.16672242
490095,0.03371036
179779,0.4197558
926171,-0.29856512
527258,-2.587594
52656,-2.5713463
602452,0.72064155
59804,-1.8141356
5553,-0.35566878
854228,-0.9517836
16209,-0.36564544
406393,1.8137858
993630,-0.74387026
989974,-0.6405697
607925,0.98834664
717007,-1.219643
207967,0.5581529
501723,0.44293842
142562,0.47308964
419581,-2.053364
132237,-2.0917954
185903,-2.4085007
761163,-1.8112315
998017,-1.7808664
804469,2.622945
530829,0.4537617
900806,0.52462023
631990,-1.0823952
162045,2.8626063
496534,-0.39184955
952291,2.0319872
523582,-1.7857691
381299,0.98557484
920595,0.1280123
425333,-1.352088
444087,0.50144273
814169,0.6007134
504328,0.75830805
728637,-1.6110057
136319,0.986573
430035,0.64320743
767482,-1.0662417
795729,-0.60268044
584218,-0.16778937
457064,0.9408616
51979,0.34854814
351264,0.2438632
310154,-1.7299759
563646,-1.4390675
243779,-0.042401172
494729,1.2763954
513324,-0.5156043
466202,-1.1385326
595597,-1.2182686
840264,0.49772087
431111,-0.3632035
120601,0.93294656
870891,-0.7347314
713425,-1.7046645
604014,1.7908413
693920,2.4449358
304830,0.87395954
326335,0.84328836
561238,-1.6579429
972400,-0.13593891
766056,0.54134965
319225,-2.6508408
835595,-2.5938585
222640,-0.241979
259819,-0.66270447
982452,0.6659115
386930,-1.6642715
403368,-0.8949102
321740,-0.3245473
528362,-0.9479341
538302,0.022923311
137046,2.2685835
21679,-0.9283462
636210,0.4138794
619928,-1.0620148
727645,-1.3260669
728365,-0.17488196
844754,0.09207446
863238,1.1979332
205624,0.9950556
509178,-1.5781195
239041,-1.4541448
967317,-0.20336288
990667,-1.0002067
723251,1.0087495
493089,-0.830091
132787,2.858071
71385,1.1466585
850255,-0.7624878
614511,-0.49389175
945327,0.45960432
377018,0.9623364
696278,1.0368187
350584,-2.6405902
609422,-2.0269992
631916,1.8666421
429761,-0.40910256
638932,1.3491452
119363,-1.3091364
656697,-0.35719293
177191,-0.2104195
350551,-0.63333213
10672,1.3061954
478010,-1.299176
878084,-0.12962475
759610,-0.24662724
43782,-1.1864218
805567,-0.95970416
957017,1.0292853
733458,-1.9754815
967108,-0.71486896
774105,-0.67573345
346587,-2.8637009
315089,0.73803616
629599,0.6549148
66507,1.0250703
768952,-1.1612707
804674,0.4680597
996557,-1.5505013
977048,1.0462731
152119,-0.81398976
874895,-0.0005127721
308598,-0.22938731
934551,-1.2944506
153314,-0.17512327
208421,-3.5079315
225029,0.8626485
511683,-1.5185232
76076,-1.1657523
558604,1.3341131
917631,-0.34873068
501792,-1.0716977
381370,-1.2349222
22331,1.2203387
481116,-2.0122926
541483,0.49098364
996198,-2.4098039
798261,-1.7863411
196389,-0.84647566
41735,-1.2129527
997224,-1.9801981
218925,0.6233979
489657,-1.1438404
134645,-0.66948825
534452,1.4674804
441787,0.11288852
278299,0.38479197
471190,0.06761788
305058,1.4390568
613543,1.2776965
190493,0.62404114
511371,1.7904367
787946,-3.1899493
139674,-1.251962
350641,-1.5397209
224851,1.1606716
994590,-1.2350945
475023,0.98179805
302835,-1.7915785
44469,0.08798602
990064,0.6626956
230794,0.66971385
197354,-0.63409245
254242,0.43674517
883488,-0.22693747
720602,-0.5250404
869940,2.0557353
134873,0.025924362
716694,-2.1729677
947882,0.25100857
776254,-0.86601347
510030,-1.3987999
565245,-0.83203036
783265,-1.0748359
314610,-0.65765435
525821,1.2254461
750126,0.6760424
915267,0.4900175
245754,2.350284
691699,-2.4080894
514320,-2.7231023
263856,2.8303027
310495,-0.60710955
393613,-1.2398741
967578,0.0079689445
657345,1.467029
691261,-1.738282
899855,0.8037211
897849,-0.20622408
381731,0.62032884
882426,0.081336625
166835,-0.3220119
418991,-0.27817887
931144,-1.6826346
400248,-2.2904022
976507,1.2979652
549973,1.268154
751281,-1.5803388
328144,-1.4829379
820129,0.9064198
499839,1.7541552
646546,-0.35536268
159134,-1.7864206
792916,-2.613322
714856,0.6975236
352879,-1.1474853
116973,-0.00858838
871217,0.23237476
137467,1.8053759
227376,2.4779348
606390,-1.0419965
724388,0.56709504
335396,-1.1722693
72872,-0.9815391
554789,-0.14080432
704160,1.141626
564420,1.2398463
190067,-0.40677354
562947,-2.9068356
355063,-0.64192927
600154,1.2123247
105307,1.5998343
470856,0.503701
376836,2.478158
200796,1.1222352
498620,0.30303326
900399,1.474187
778443,0.9267804
672353,-2.3256826
484114,2.176102
811417,-0.10082728
167041,-0.4033527
294170,1.0474454
112215,-0.05994207
865219,0.19661415
455674,1.6353734
593040,-0.6556011
942848,2.0666463
40442,1.1122248
631244,-0.30389777
305744,1.2027395
40724,-1.78028
895394,-1.8722119
462089,-1.1033812
978869,0.6639397
930681,0.8188394
96105,0.2811075
895222,-1.2233516
367689,-2.4245136
325076,0.33346054
285852,-0.78098446
201059,0.53882384
449063,-0.093632236
773148,1.0714166
9610,-0.16326198
701891,0.17175451
774916,-0.84153277
811808,-1.6535124
99751,-1.2907181
858599,0.9038432
860300,-0.26725978
418591,-1.3123004
607115,-0.45919794
551577,1.2184267
720898,-0.26951176
592861,1.7753042
914308,0.5503983
735120,-0.17022267
783027,0.35806775
271068,-1.1682878
575362,1.6598985
779273,-0.89323133
348326,-0.31367788
649183,-0.27267143
55483,1.1046788
580515,-0.5919657
938670,2.1633248
200316,-0.761757
403165,1.8104404
837689,-2.3781419
860121,2.7429283
96808,2.9255245
466290,0.47319332
251761,-0.1707463
364122,-1.1867882
473909,1.7842729
376991,0.9926794
677672,1.8780816
815121,1.5031074
606724,-1.2549088
60104,0.63302344
715950,0.66620165
251034,-0.9733053
535127,0.39677247
799227,0.06762574
586210,1.1158551
629357,0.0069370316
313236,1.1107583
176546,1.4602392
310424,-1.4126635
886291,-0.722259
286560,1.567626
148236,-1.4154074
974012,0.19764504
586375,-0.24149933
805431,-1.698365
163847,0.76455885
552697,-1.7562872
738906,0.8329295
623048,-1.4419624
60761,0.3450375
499846,-0.024825444
703763,-1.5742587
790298,-1.7737135
185624,0.42384425
84278,-0.74931824
99850,-0.5861726
7536,0.34985262
8317,-2.0067544
83354,1.255897
284170,0.6942147
914066,1.5956715
561893,1.4210644
813369,0.0071607186
111162,0.96120095
466836,-0.028163979
93620,0.5413009
296485,-0.36419177
336791,-1.2696936
43690,1.8212315
790338,-1.2919416
679295,-0.68527776
32563,-0.21860507
181977,-1.7282969
710978,1.0602899
833136,-0.4289879
911205,-0.028687619
895619,0.8623693
451123,-0.14569008
46678,-1.9972173
664133,1.927325
180601,-1.0187888
394382,0.26272607
975314,-1.8977474
161996,-0.6197872
35215,0.40351284
388400,-1.8369668
520987,2.4414372
160727,-2.5748622
522156,-1.3927516
107814,-1.4931934
364452,-1.6996695
720488,-1.0835143
137986,-0.52487904
362309,-0.47032157
132969,2.2174246
342306,1.0256671
74464,-3.846691
617792,0.76279
660223,-0.5748385
725531,-0.7909822
182366,-0.2875386
341572,-2.57149
557565,-1.1622837
236244,1.4076263
479694,-2.2533588
203553,1.8466408
799837,2.4631515
856949,-1.3176868
710708,-1.2300509
925312,0.9777577
328039,-2.838822
207531,1.7947837
794241,2.0993097
818693,-0.7600117
435160,-0.70285785
323829,1.1671104
628870,-1.2344434
593585,-0.63758725
631096,-0.17387682
860344,1.4577123
562754,-0.6892817
953494,-1.5497104
79824,0.9976665
233394,0.81445307
902183,-0.5453519
119575,-0.54746544
645628,0.67644024
541370,-0.9542222
66642,0.3139266
576359,0.88504225
228405,1.7416501
894204,-1.2415733
603107,0.08089144
951075,0.6577079
679793,1.1973152
910247,2.1547112
942329,-2.5001693
11383,-0.050164238
940636,1.0272644
598208,1.2731832
440176,-1.7793486
93976,2.0053031
387251,-0.04819986
112082,1.2734766
859647,-1.4591947
531203,-1.3700058
77436,0.45261094
403820,-0.5728155
530881,-1.3207409
41993,-0.20656788
704003,2.7037015
768990,2.7477233
440649,0.32323137
806889,-1.5054923
458145,1.0804127
819002,-1.0651907
610131,2.4175022
291657,0.47093803
946732,-0.4937786
465989,-1.6240933
823768,0.7630354
247595,2.258996
466143,0.3104331
507913,-2.8839831
306348,-0.44786307
779467,0.7850532
141646,-1.717667
253113,-2.8640008
982780,-0.5608219
801781,0.8065306
801754,-0.43733644
667862,3.7434554
600317,3.1673114
342132,-2.6231
299788,1.6302181
532634,2.2909126
864757,-0.49058712
787698,-2.408999
655585,-1.7119159
859554,-0.4792552
757850,-0.17317632
212366,1.0444193
889895,-0.86039406
886489,-2.3805904
124384,0.92631435
323603,0.09141613
587876,-3.226077
729117,0.77672815
341857,1.0173723
317265,3.5164382
939898,-0.7563015
540500,0.566916
381808,-0.00993167
160842,-1.3227458
385139,-3.2482588
20009,-0.22306213
400721,1.2833718
573876,-1.312242
534418,-0.07476413
247024,-0.35032547
203270,0.8403972
347502,2.6955616
382893,0.24589846
377992,1.523171
950753,-1.6077328
494368,2.265229
388200,-2.2678158
460219,2.9198463
504171,0.9562335
90964,1.4498321
68892,1.2980494
657394,1.8971211
591469,1.0737702
281494,-1.0862811
216464,-1.4265958
272455,-0.71325135
600918,1.6534402
400263,-1.9397529
718066,0.4172742
494939,-2.0569365
393025,-0.1912646
189781,-1.1033118
9446,0.9207911
534083,1.2082318
666563,0.7302651
259462,-0.26838452
668054,-1.0508769
115435,1.2350446
544731,-0.118582524
55041,-1.8642809
281951,2.8192217
185141,-0.10223482
776002,-1.0244386
109581,2.6682744
844842,-0.18995261
357130,-2.6333654
78607,0.4832896
977638,-0.8804262
588263,2.1784194
138788,-0.5994643
254469,1.5103561
915867,-0.054061145
613232,0.8990253
684992,-0.004703277
520622,-0.06336276
527957,-0.66002595
235848,-1.2987032
423523,-1.4341497
577121,0.99295545
24251,-1.473006
352603,-2.2258286
421599,0.8394924
367286,-2.1726866
499309,0.2444582
147934,1.728272
991399,-0.39237836
859436,-1.1432377
614481,-1.9276336
687844,0.4786539
764038,0.6725209
843651,0.027450196
531602,1.5337794
957212,0.10472441
528955,0.31154516
631416,-1.483239
351536,2.3367803
249731,-0.82215345
325596,-0.42103916
814232,0.9556259
399152,-1.0483056
206643,0.9366911
296027,1.3181291
100881,2.2033474
736194,1.4464712
97387,-0.9074063
953210,-1.5438867
805550,-0.38110211
421903,-0.8442363
666904,0.8118521
51978,-0.47727183
575628,-2.7465951
89379,-0.77938473
794256,1.0695739
485716,-3.045944
348748,-2.698429
506782,1.6550723
49022,1.1172516
889816,1.3051891
350917,0.9402676
113391,1.5507001
27294,-0.8527227
713455,-0.5781273
528764,-0.6176759
473055,1.7304496
866534,-0.07730334
201632,0.6446205
355918,-2.8276095
291822,0.9435512
344055,2.3971148
895525,2.8819437
194574,-0.028064316
305513,-1.0522766
368804,-2.6913464
259948,0.7507173
687683,1.5829682
827016,1.9214659
895273,-1.0021774
67101,1.0521294
844595,1.1943017
836242,-2.076755
834257,1.2741587
854368,-1.306528
760016,-0.6170285
596462,2.435499
633532,1.3177793
667787,-1.7383002
940492,-0.04692227
595309,-0.3464095
480284,1.5419424
69795,-2.6210384
799744,-0.96347934
679078,1.1569432
89634,-1.190797
242610,-2.5853672
506243,-1.4796002
629303,1.4966446
944602,1.8503226
189688,-2.5378816
779820,-0.64760774
154465,-0.6101162
968031,0.5222037
414715,0.72098047
570576,1.4484293
618793,-0.3840054
362762,-0.059732206
83879,-1.8168651
662746,-0.18422726
895571,-2.3287044
998963,-1.7593609
665880,0.78515625
79174,-0.95563704
232405,-2.1230755
749880,-1.898117
335292,-0.4393163
72481,-0.9049071
183128,1.1036791
616115,1.7757796
197887,-1.4871054
471727,-1.4889286
758525,-2.053955
513770,1.0302602
53859,-2.0529807
570256,-1.663036
922503,1.6805377
114849,0.2537138
976241,0.59136766
294164,-1.8886822
1673,-0.83703595
608042,-0.9414492
953535,-3.5006938
534896,2.5676775
457836,-0.85122246
747839,-2.2048686
598428,1.7785734
471004,1.068969
264115,1.6737363
41059,-1.2099789
169476,-2.3963861
44348,-0.38784674
877003,-1.5422635
68582,-0.25282037
789867,-1.579943
140519,-2.16476
791063,2.5035973
655062,-0.117712684
830944,-0.33401597
520123,-2.5650785
861819,-0.46403873
481735,0.84159386
601545,0.59114045
890837,1.3056195
256221,1.419146
964431,0.07742082
94453,-1.585737
922866,-1.4569392
745427,0.94529945
111058,1.2207005
149161,-1.3822796
226861,-1.0618614
114221,-0.57439464
234041,-0.08643655
676184,-1.7290301
398310,-1.5036504
255590,-1.1217079
634833,-1.4200948
63643,-0.13627177
171513,2.0664341
336725,-0.11003656
517460,-0.9051006
945644,-0.43580052
32558,0.0868477
530284,0.46827006
567509,1.0142063
476683,0.7160467
535734,-2.2731013
687964,-0.53046536
368497,-1.4733286
318596,-2.8359945
369103,2.086098
156454,-0.84373397
571830,-1.0403649
505472,-1.2260804
172043,1.3327266
21476,2.034704
928856,-0.6186167
80678,0.5638201
769968,-1.7930613
960671,0.34799734
571868,-2.1376114
47324,0.85420805
411252,-0.6432949
565031,1.7475679
154575,0.078534886
613090,0.046356402
321540,0.5286202
376317,2.9665792
812291,0.31742173
880152,-1.480819
45820,0.8847791
547048,-0.5338644
80957,0.39814344
817752,-1.515996
565392,2.0492923
206238,-2.617734
445017,0.46182317
427205,-0.2786626
675439,1.1738907
337016,3.7924495
503743,-0.47589776
384707,0.6989693
736060,1.2373773
776877,-0.9416848
832693,-0.31551287
337380,0.4847282
588610,0.7093756
908039,-1.3698215
735473,-0.6635047
968557,2.1937447
357037,0.6879458
452327,-0.4814295
936967,1.1983229
55345,-1.1700709
381051,-3.114981
622828,0.29611936
966202,-1.1018841
957041,-1.1921643
398039,-2.6452503
673885,0.09738314
278857,2.4534464
698073,0.015381299
112240,-1.6147631
285875,-0.2574847
141925,1.2987643
261439,-2.6127398
238678,2.528652
662852,0.48450485
267636,1.5997132
397872,-1.5529836
481003,-1.565676
295331,0.7533449
973146,0.37029958
956862,-0.89144886
4361,-0.74679136
186178,0.0409841
950323,-1.3475189
540126,-0.013124419
950019,-1.2014346
101413,-1.2171061
486800,1.844732
666229,-2.1697018
151672,0.30796212
286232,-1.7732875
864498,-1.843377
391943,-0.27294296
722144,-1.5423837
405670,-0.58707654
661725,0.40736675
949414,-0.305167
536847,2.4179204
904593,0.9939117
502573,0.9164232
243458,-1.337713
355068,0.014642768
342420,0.78945833
726382,-1.3537891
87332,-0.02540209
87127,1.1132847
871626,0.010901448
366683,0.5123882
371369,1.1836535
332976,-0.26168808
646646,0.2418144
869293,-1.1571488
394915,1.6463251
303208,0.046203107
479123,-1.0539755
598462,0.097680084
197153,2.4827127
161497,-1.5433125
987862,-0.07619871
38834,1.4637766
8233,0.2649041
204137,0.90484715
366380,3.7308836
613643,-0.534136
868871,-1.3017799
748410,1.568362
616484,-1.3097625
52281,-1.61749
845945,1.3595175
80645,0.90358025
999867,1.6609426
292331,0.7503319
354152,2.1534173
601123,-2.3241394
124610,-1.8009982
201121,-1.0630747
761021,-0.099357836
23462,-1.6377401
625227,0.95812446
736213,0.5139073
452541,3.6966207
806415,0.26181793
726777,0.72963977
627550,-2.6893685
113112,-2.0849655
232755,-0.099353336
34257,-1.2208905
80730,0.6853755
742701,0.17336491
13427,-0.62250996
748813,-1.4280645
573331,-2.0317883
674283,0.2777781
457357,-0.70788324
304127,0.31236786
975312,-1.3452319
251825,-1.8270173
854290,0.69533783
739517,0.38212842
137814,0.38577464
525367,-1.7766266
222074,-1.0531055
548137,-0.7376825
216229,-2.7976449
213124,-0.08093938
309582,1.409063
859348,-1.538847
592434,-0.7990678
564208,-1.1495069
632506,0.0024835742
848979,-2.626192
190277,0.704445
802150,-0.2906046
793607,-1.4987721
348559,-0.1950081
963977,-3.0158532
112924,-0.5406807
373305,-2.3233252
901855,-0.15411383
72975,1.3613677
542253,-1.1576025
466416,0.80439734
434878,-1.2733064
647052,1.4251968
276044,1.4399202
236393,-0.0339807
636257,0.8873681
797483,-1.2787353
394610,1.11686
198589,1.0200179
329623,0.06781483
927211,0.08721538
190948,0.91214913
896515,2.4281487
351798,-1.1727083
24990,-0.32974267
741528,0.031537347
228055,-1.1979533
427871,0.49178627
97618,-2.415269
211054,1.7075453
401441,0.101285264
859216,1.8096951
236884,1.4530903
86305,-0.93991417
556678,2.1353579
323106,1.8186891
169978,-1.0343579
730088,1.470069
914192,-2.464582
903128,2.095574
929646,1.8654244
281037,-0.56490463
161104,-1.4270554
383743,-1.5159198
529160,-1.6809045
194336,-0.9931734
13232,-1.1960264
351175,0.70438087
733772,-1.8393735
97403,1.6920177
407358,0.58624065
762575,1.0024616
713111,-3.1279056
752025,-1.6457036
228318,0.63740855
958248,-0.13136658
246345,-2.726235
888346,-0.8794873
506761,0.94398266
671089,-1.4891037
358939,-1.2012068
640358,-1.6625141
757647,1.4413368
828870,0.40753666
997829,-0.37126136
506124,1.5537324
614443,-0.7246472
648695,-1.902595
80194,-0.7305908
15740,-0.92084605
450106,0.89129895
696722,-1.7251437
165621,3.0397515
446808,-1.1087676
496615,0.2912195
867563,3.9911175
265977,1.0775368
849530,0.6285687
13015,0.19590434
262532,-1.1128945
328921,0.07702904
586140,0.9676552
691645,2.3992581
775848,0.3756276
459554,-0.12825754
413680,-1.1731629
270774,-1.1440612
567986,-0.49248728
668692,0.7064535
251236,-1.0587257
207296,-1.7568305
33396,1.1506351
371455,0.036695942
665377,-0.62347835
801790,0.64990973
122348,1.6615475
613427,-1.8023361
787284,-1.93207
838625,0.37356803
860705,-1.483225
184426,0.65026057
373535,-1.2075586
698118,1.4756734
589952,-0.28937316
856125,1.4354753
551576,-1.6308855
186202,0.27089038
505450,-1.5766253
228024,-1.6794922
963807,2.0151215
566502,-0.28361374
884598,-0.016794158
215179,-1.9269861
204572,-1.5649749
265538,0.07515282
499872,-1.4099103
538899,0.7984332
384174,-1.0165254
362533,-1.4094044
424027,0.41699305
484181,0.32107678
27872,0.41323033
727870,-0.9139657
588140,1.2530732
895499,-2.10635
558233,-1.2234207
253466,1.8772541
156902,-3.6814554
764290,1.4204018
250303,1.2295128
600616,-0.67465836
446040,-0.08002682
118198,-0.6524621
580382,1.271958
712919,-0.13696912
808667,-2.1033437
704531,-2.4807656
521671,1.1163752
191110,-1.3851601
224846,-2.0907445
927520,0.42142272
532562,1.3368138
190372,-1.1520226
719582,-1.0793611
445175,-1.8622357
503719,0.48228076
256773,1.8219974
818326,-0.29264045
177749,1.6180848
314711,0.33515057
440037,1.7746032
738129,-1.160947
262191,2.4956121
373386,1.0305495
735762,1.414253
613778,-0.5785066
583108,-0.085076265
786122,-0.6880384
683435,-1.4892458
265557,1.3581167
376966,2.995533
143737,-1.778963
895749,0.6305117
141951,2.6085172
939154,0.05661096
21222,0.8232058
773368,-1.0191036
290163,0.9869809
284252,-1.6924092
500317,-0.49662772
446823,2.765207
685557,2.0845494
978930,-0.12838599
974157,-1.5387743
177305,-1.6109415
95069,-0.2678191
251117,-1.9106979
86581,2.2124033
869260,1.2123237
209853,-2.7430737
258594,-0.5881607
291653,-2.569959
391639,-1.1571366
468221,0.3313766
243139,-1.3125772
466719,0.3517437
536562,-1.4238904
438449,0.28306758
181073,2.5075397
289366,-0.546705
486425,-2.0882297
140284,0.5206462
166081,0.2109053
599670,2.307765
693928,-1.2191219
603584,2.5874493
129524,0.31644806
508298,1.5820014
893612,0.2707469
245195,-0.64663315
85179,-1.6465626
842991,-2.0808985
515131,-0.061502565
680752,-1.6541907
200992,-1.1425527
589911,0.84194297
112919,1.197595
695688,-2.071321
394534,2.4821885
588592,-1.3048464
582673,1.0942838
920837,-0.6339975
537662,-2.1841412
460612,-1.6030507
322359,-0.97383964
366830,-2.380213
834164,0.4087499
359094,-0.8904819
425032,-0.9757053
269731,-0.9783806
196952,-2.513327
642142,2.9626944
435802,0.30883417
658127,3.011183
298271,-2.5580268
297998,1.8193395
323082,-1.5821613
192733,-1.7570382
960214,0.23045722
985651,1.1118642
211045,-1.4447815
211155,-0.15369657
500530,-2.070519
667157,1.016317
680211,0.89466155
409596,-1.1002623
597736,-2.762348
95508,-2.0313978
265153,1.74928
407579,-0.24072641
428585,-1.8132378
97429,-1.8149209
689931,0.36950558
209181,0.9719308
893079,-1.0201514
548716,2.1521103
890673,-1.7229338
469639,0.1604284
28762,-1.2263976
711289,0.82818097
505225,-1.0011151
509923,-0.81395227
924430,-1.1522282
371244,1.0517275
448048,0.6568202
472661,0.9816745
216201,0.8895394
382308,0.110682674
423202,-0.86615837
967111,-1.4901857
751684,0.8735866
445602,-1.2846335
906113,-2.6030262
254154,0.9707137
691496,0.8701232
978985,-0.34697434
439731,0.3887557
242163,-0.12826958
185111,-1.7944975
540043,-1.7206271
442182,1.0644716
963871,-0.21767661
810883,1.8105422
790417,0.85523874
929887,2.1402934
476610,0.1890637
584312,0.3610143
804431,-2.4433613
839020,-1.9684156
450628,-0.99939287
915496,-0.24934843
796724,-0.647526
350453,0.042112194
109356,0.48569548
535529,1.6804265
823278,-1.2946621
220255,-1.7788244
76556,-1.1513917
44529,0.74391544
698867,-0.32792133
542162,-0.89309883
92057,-0.56955767
380739,0.9630183
395197,1.8448808
209784,1.086861
576308,-2.3967578
652736,-1.4165182
192856,-1.70341
665941,-1.374747
185513,-0.9841055
777349,-2.6925633
232614,1.8417922
865066,0.35159692
45503,0.07244345
817460,1.3235162
77958,1.1090281
707197,-0.60725385
837338,0.65695196
546795,0.2696301
694118,-1.4833939
515934,0.1887092
562712,0.10821511
84284,-2.1833253
80043,1.3500268
281073,0.29807618
180859,-1.2903441
330821,0.4492561
193290,1.461665
606125,-1.8020631
809156,-0.011793577
99959,0.5820503
510503,-0.72939616
185703,1.1029879
411249,0.7517517
934176,0.4968836
136814,-0.5064326
917657,0.6860068
270466,0.066404305
734349,1.7208828
527475,-0.23565724
430872,-1.8969128
121953,-0.6113494
186004,-0.7931829
893919,-3.198203
802810,-2.3846648
814698,0.040453505
528333,-2.2009299
983278,1.8765332
771998,0.46192485
164304,1.2716014
777699,-1.9976032
906331,-0.9338828
208711,-3.023469
8868,-0.6287737
904899,-0.9838145
459559,0.08666844
442287,1.7766651
853597,0.8153716
68657,0.98463976
892803,1.8719629
84123,0.5380747
626320,-1.3750285
500168,2.2735674
731458,-1.4181659
85063,2.4670148
955167,0.12808591
499732,1.4936059
364597,-0.3970291
935372,-2.0240443
797189,0.79231155
636381,0.32374862
225560,-0.7018888
222876,-0.5494029
618051,-1.5893807
766,-1.392554
105357,-1.9676815
851987,1.2191458
660488,0.8181305
871990,2.3981915
434183,-0.72698826
334679,-1.0339371
651921,1.8503441
399823,2.1439805
611115,1.1584933
617474,-0.80389506
249316,-1.1699551
892071,-2.0595691
91043,-1.464547
579355,-1.6087636
159248,2.034736
941900,-0.8841104
128599,2.8941324
43420,1.0518626
251188,-1.2208508
250693,-0.26895216
12387,-1.5093434
647375,-1.0159637
989999,0.23685953
129801,-0.5346806
906554,-0.20621404
971264,0.9862754
595242,0.7981102
971691,-1.1775684
755860,-0.74931306
681363,0.045273043
705718,-0.46206993
581479,0.7975011
900843,-0.44659287
674245,-0.06350414
765278,1.8660513
162950,-2.0613298
609519,0.93199116
418640,-2.6723952
977023,0.83457696
304462,0.6554026
286651,1.006586
43076,0.16116944
676275,0.7727833
277636,1.0813044
363818,-1.9939748
606593,1.6796564
310888,-2.4565492
481511,-0.05138876
764053,-0.6776412
231894,-0.3961252
756691,2.1448493
503430,3.0660224
191113,0.12464986
566111,-1.1471405
773398,0.45303795
801550,-0.47018814
546318,-0.39773268
974285,0.91345215
903609,-0.49909684
577321,-0.7757719
94686,0.36060154
639196,-2.5929399
281700,-0.9109259
986267,-1.2764502
662017,0.6556405
409592,0.77002347
800639,-1.2982463
460189,1.282257
327044,-0.79027355
338838,-1.8363706
454071,-3.1902602
406407,0.7712146
101542,0.06008109
106068,2.0340757
340268,-0.0040524323
83293,-0.09480319
552224,0.7042683
720580,-0.06378576
854732,1.473692
895353,-0.70669675
778673,-0.26686203
948404,0.9110126
909319,1.6373744
275884,-0.35759175
729935,0.7533251
803774,-1.0494428
871796,-2.8800132
204056,-1.7810862
187069,-1.1801468
260708,1.1500777
610987,1.2405244
317777,-0.045355037
529345,-0.3790112
883074,-1.3783846
36891,0.9654574
921814,-1.405566
465031,-0.8767027
838369,-0.8627018
336635,0.3787462
184570,2.8419225
666931,0.9730007
441811,2.7469244
351390,-0.20363456
309342,-0.16674381
151092,2.0749493
5208,-2.5926907
281886,-1.1563439
760630,-2.266593
976595,-0.5344128
120867,0.06072454
370946,-1.2986022
16479,-1.2396806
150117,0.56348646
900074,1.3331138
562355,1.9920795
275133,0.28818172
631965,1.2316583
690325,-1.8078253
650125,-1.1774553
83709,-0.63853467
11681,0.43482804
801613,0.09010074
697652,-1.8457934
543446,-1.1739515
930400,-0.10338875
817361,2.455788
449839,1.4735987
455564,-0.23660386
942343,0.5643581
506469,-1.246494
229952,0.36003673
67984,0.65075827
103308,1.0021675
290348,1.632315
990563,0.6600599
166992,-1.7188172
569759,0.9507116
906688,0.3770454
849677,-0.28203523
473715,-0.7045125
956675,0.13776886
340245,1.6764386
589970,-1.9185746
135555,-0.53529495
573878,0.009387224
256072,0.637111
277561,-3.3123353
827361,0.34968913
872828,0.7578475
235038,-1.0486515
966386,1.7061174
63360,0.28499556
319039,-0.17601398
794985,-2.9043922
807296,2.2966204
423503,0.6888158
689309,2.5990598
537956,-1.8266603
200433,1.8870622
129319,1.2087669
55860,1.0326216
657872,2.2258327
633764,-1.6067402
46523,-0.35706767
928177,-2.1004686
880963,0.8896285
545326,-0.030066045
166661,0.7071116
999318,-1.9803818
793209,-0.68292123
950574,-1.258645
693363,0.17040408
641351,0.23783877
800551,-1.4863163
657939,-1.8030095
342282,-1.5149142
121143,-1.7902713
51686,0.5053307
556105,-0.96823823
744829,-1.3527341
169571,-0.22116202
742,1.4444268
549518,-2.1545346
366691,-0.9930242
136817,3.8410227
302922,-2.0983717
643780,-0.34933016
438872,0.5139358
263002,-0.32654157
293196,2.1532338
706122,-0.22259638
175350,-2.999382
20274,0.2576531
708367,0.9228608
317876,-1.189165
406944,-1.7604308
114676,1.8404803
176400,-0.92688584
823737,-2.9908056
999961,-0.5909776
432610,0.7489065
196124,-0.63155824
503317,-2.096897
802540,1.4696636
121234,-2.6463022
46124,-1.8247536
553207,1.0680236
956591,0.9950618
9984,0.12346875
470054,-0.9867593
65518,-0.48957554
166506,1.234549
176632,0.11713678
94112,1.3362128
142185,-1.2616824
595600,0.93253887
674923,1.0562022
87465,-0.35520396
237090,-1.0206969
908480,2.456107
158565,-1.4334664
653513,-1.5829886
289030,0.7250343
542530,0.82877153
347976,-0.6256097
362095,-0.49126118
5488,-0.2941532
395207,0.9300075
913227,0.31835216
905149,-1.881725
626294,1.8261993
726645,0.2007908
66586,0.785124
610956,1.3200053
190701,-0.82960266
727023,-0.8912743
777624,0.31707287
925877,2.2178438
127724,1.2813624
771852,1.190107
387427,-0.53737336
178971,-0.31140018
817791,-1.7621495
449936,-1.5311857
685584,-0.35063213
310987,-0.20414564
883753,1.661041
351645,0.98655003
82975,-1.5484396
368696,-0.91060334
837938,0.39866608
952412,0.085656546
516507,3.4715776
72690,-0.24196738
433152,1.5105258
607132,1.3255423
346202,2.0719697
658062,-2.1171386
813960,-0.29286534
351130,0.28598896
310099,-0.39169967
707203,0.7038482
850172,-0.32400018
629964,2.0521195
301002,1.5433764
648652,2.3492362
417280,-0.70614827
473198,-2.1498635
909748,-0.14415249
564702,1.0125325
724292,-1.8525032
638269,0.38699326
954617,-1.8346195
141286,-0.59126556
697953,-0.94015926
794600,-2.0932333
133509,1.3769138
987619,-0.39441904
64472,0.74539727
44526,0.7730661
926491,0.8127558
795155,0.4672108
195586,-0.1774818
444686,-1.05949
111250,1.7399193
811317,-1.4362549
341164,3.7796617
882796,0.60637116
585485,0.3234032
237994,-1.7199827
724342,-1.3268821
18280,0.48841694
690766,-1.0504943
213097,-1.3217888
397376,-2.0802195
904628,-2.3247445
761549,-0.5363628
411527,0.5795221
193341,-1.8207037
483503,1.5621262
214473,0.23088399
1222,-1.1853306
353329,1.0946859
229130,-1.4113954
70123,-0.52897185
676876,1.4231225
453938,0.2894562
951823,1.1527597
588145,-1.7632148
163298,0.32873058
905899,2.664959
650476,0.12441619
330205,2.0738926
268063,-1.2734281
744110,0.11163645
277576,1.2838557
44594,0.012298611
643306,-1.813158
527907,0.46169186
455333,0.41765913
587020,-2.6368215
115602,0.828939
449120,-1.3935626
844751,0.5104034
898078,1.0094056
604878,-2.0393906
675315,-2.14564
364821,2.8421464
483846,-0.84997165
748103,2.4717472
855893,-0.3750893
941147,1.4301323
765684,-1.2597703
199592,0.011185014
407115,-0.33492547
541082,-0.8156089
22815,1.2654392
509947,1.2418119
647809,0.3151192
920584,-1.0139627
161517,0.4302391
865915,-2.8763165
193090,1.1035856
380630,-0.9427509
854840,-3.1029255
453359,-1.4860862
899613,0.30538672
200694,0.6644303
648066,-1.4999847
47446,-0.63499933
516136,-0.8435353
401850,0.9034137
364885,2.2101586
759722,-0.6278851
120753,-1.6862979
185041,0.25811228
173102,-0.0872657
893936,2.6990428
549020,0.92089605
124520,2.56
373457,0.9913461
65306,0.68787336
43252,-0.03198238
685740,0.568421
567885,0.5808496
330333,0.062563285
511356,-1.8022046
167698,-0.04511653
656442,0.74696773
350568,-0.5061495
238900,-1.780224
705618,-0.6949559
51457,0.7852168
266929,-2.1555505
811629,-0.11479846
843861,1.0023106
599914,-2.3774605
284068,-1.131507
351837,1.4307591
835131,-1.8599379
345226,-2.3607295
372859,-1.8872105
321168,-0.061916742
993481,0.93839
382849,-0.36282465
172882,1.7066514
462304,-0.31530955
409797,1.9969026
899436,-0.27704892
945641,-2.5690913
103933,-0.7625178
485696,-0.888641
663115,0.640609
975348,0.27599552
699754,0.02308814
731800,1.0094306
429044,-0.052856416
265287,-1.8319249
233809,1.5183154
899421,0.14558226
373214,-0.16143748
476584,-1.4177196
201128,0.7031477
849474,-2.0375671
479416,-0.93917966
583800,2.0334034
439552,-0.60783994
190253,-2.1288152
253237,0.26896292
800530,1.2638072
746916,0.115121104
207444,2.5567107
937638,-0.90713966
11670,2.1890855
251110,0.89088976
963398,-1.1758533
643192,-1.0791152
640738,-1.1371217
232274,-2.1279318
871022,0.5861752
858649,0.35034376
345369,1.3006178
760713,-2.0080237
145743,-2.2080743
539948,-0.021611733
210187,-0.39397573
872853,1.1017867
379090,1.6370015
929958,-1.3195988
339254,1.433826
905816,1.8429474
740800,-0.43030965
571932,-1.4356798
191963,-0.790384
300259,0.44586805
45090,1.297092
880549,-2.5868337
673802,0.19932577
470161,2.1174042
842420,-0.5684851
838845,-1.086347
518095,-0.6085255
246963,0.58682686
714112,-0.86169636
473759,-1.6908349
583901,0.88011813
879259,-1.4996815
421812,-0.098547794
370548,2.3676763
137224,1.8190905
867053,2.170546
184952,-0.6683872
460658,1.8168325
873702,-0.61152846
569134,1.1868343
728206,-1.3028134
219942,0.90487534
452500,0.20931745
133137,-1.4662529
483777,-0.55199164
891178,-0.27019984
839618,0.80057085
509678,-1.1661148
494831,0.863434
681880,0.18210474
908094,0.7353031
355908,-1.0595196
715643,0.10607512
915624,-0.9963621
479619,0.34021872
348846,1.7329128
491430,0.8288287
786713,1.7541583
428722,-0.23027068
474201,0.51776695
750326,-0.7065833
375394,0.072699316
441142,0.8184523
803606,0.40319434
581757,0.29599717
317267,-0.75319755
838082,-1.1077628
849895,0.4323308
505484,0.57746786
441942,-1.653529
89815,1.3079207
570342,-0.82530105
32010,-2.3413036
438236,0.9282443
875443,-0.23816761
674436,-0.64487684
999464,2.1440916
270793,0.5632166
542536,1.2355578
664897,-0.54820096
12235,-0.20712721
800800,-1.7860711
811869,-0.22474197
13922,2.1757083
223944,3.0535772
773577,0.53271645
424529,1.8806384
721618,0.31001887
273341,-0.9504047
600752,-1.0367051
984271,0.4904566
442570,-0.9617862
571116,-2.8080375
262091,-2.94662
659296,-0.66554594
979290,-0.150067
120567,0.45084026
111388,0.011110897
339999,2.7280378
411700,0.5951235
152344,-1.9631929
132688,0.46319285
114234,-0.93270254
469595,-0.0053380905
714034,-0.8107285
860716,0.5070744
190399,-2.0951984
993090,0.19742264
387803,-0.31667763
706716,-0.9558252
356377,-2.061749
640865,-2.3564513
114610,1.2017741
861289,-0.27339572
933353,1.080797
562112,-1.3201482
154676,-0.34028828
437739,-1.9044784
356663,1.0204562
666368,1.8748602
258440,1.0132507
781204,3.2582521
406662,-3.1050656
173742,1.6331898
813703,-1.5233203
652,-2.5897825
601968,1.4133809
421056,-1.9787543
278579,-1.6977607
399803,-0.5331728
459986,-0.10478581
96394,0.33547154
838300,1.5172726
659281,1.6293368
50784,-0.75570494
501935,1.5351452
724543,0.10752577
264681,0.8763598
859776,-1.6781424
895220,0.94645905
996879,0.9284925
163077,-1.7201681
963435,-0.26225305
661316,1.4727998
379473,-1.5394193
486781,1.0131738
395621,-1.317667
53572,0.37999985
830434,-1.1812241
959332,-1.141828
929836,-0.61884326
135767,0.8315072
367840,1.3858814
61808,-0.071950525
214098,3.1140528
722155,-1.5582323
770606,-0.7103253
127864,0.9116451
807693,3.3711815
32346,0.34582222
313287,-1.2436765
258220,0.035170585
244204,0.21149707
629151,1.9194659
786172,-1.6378484
319652,-1.187301
609554,-0.5139754
501931,-0.46522385
566164,-1.7759706
836716,-0.3153557
432943,0.6108886
268793,0.7618889
922168,0.49886099
665402,1.2220799
387578,-1.4896415
419224,0.8374156
508707,2.7945147
427077,1.476952
691701,-0.64491796
919278,1.4319576
116889,0.8353377
306286,-0.46161482
18466,3.9506838
853573,-0.7255298
445785,-3.180983
721301,0.5449479
797755,0.6886753
112619,-1.8376546
77328,2.165821
731166,-0.2993757
613533,-0.38391894
308106,0.15300626
773925,-1.4040586
384751,-0.18364406
41137,-0.7981326
243719,-0.62674016
129042,1.7567387
642641,0.84584445
557652,-0.8991611
449987,1.0467565
652184,-0.74141353
617616,-1.648069
19498,1.2869012
106814,-0.9802342
704538,0.15605912
518825,-0.41350976
67233,-2.366741
836151,0.9840281
632148,-2.0613203
520918,-0.8323315
644261,-0.41586366
634843,-0.7444347
198373,0.910624
765618,0.216577
994063,-2.556393
816714,0.80331194
350865,-2.8161712
891625,-1.7581497
218967,1.17364
659187,0.48628134
937674,0.89816123
717578,1.7793046
942452,-1.6131299
250127,0.49562237
316059,3.4233708
944421,-1.3444285
146542,2.174373
223571,-0.31983763
24773,1.9209517
133035,2.6126761
340967,1.273977
664757,-1.081953
86876,-1.072334
772903,0.3116222
809700,-1.6155237
291692,1.2424823
699582,1.341645
904222,0.4431092
997957,1.3004762
382973,-2.1416545
796788,-0.39017
671674,1.8184946
58561,-0.48790488
558833,0.5324081
750190,1.6261474
646331,-2.1525486
455953,-0.10291202
997253,-1.1128126
174167,0.9040601
644106,0.04062524
991381,-1.4995681
321907,1.4115965
51888,2.58838
231506,-2.0574534
532764,1.1409475
609956,0.8090264
720625,-1.4988351
309596,-0.7816132
676568,1.5631393
698030,2.495682
477538,1.457889
58166,-1.2651315
432261,-0.9021627
74831,-1.1222353
936151,0.7633549
761740,-2.0623748
822803,1.7086716
685027,1.1433876
883086,0.7434437
398668,2.84997
945900,0.2215718
736265,1.1591752
154594,-1.1672875
377598,-0.43429178
384398,-0.9805776
458501,-0.86444426
17175,-1.424097
768798,-1.5701416
356767,-2.0993881
622527,-1.5314591
218656,1.3435656
145927,0.120139755
889817,-0.7259954
996850,-0.45876977
690162,-0.10066808
60952,-1.5890632
849759,-0.4361487
589511,0.4957758
638746,-0.2463046
769427,0.53946173
233875,1.9772116
296832,0.44969174
239670,-0.7359022
154779,0.75444126
410802,-1.3967384
269881,0.32523438
813310,1.9845606
630784,2.0967586
999959,1.0659214
400643,-1.37177
137309,-1.4096582
742123,-1.7879852
880765,0.14017546
846123,-1.172862
842461,-0.2677443
445120,0.49286628
260450,-0.6797785
521773,1.4561526
745921,2.0149193
9483,0.3327425
72156,2.4517827
824208,-0.38964143
908466,1.2310473
88383,1.3969474
188643,-1.3129512
907352,-1.2506073
364773,0.2700847
789189,-0.63948864
109691,-1.1025783
581301,-0.18492544
659608,-2.0554752
179990,-0.9439202
521303,0.5871415
827224,-2.1015127
514503,0.32936144
614575,0.018104674
774622,1.5069889
348505,-0.2746627
598355,-1.1726316
513154,0.878135
60535,-0.45540854
248560,-0.6435531
497039,-0.8204576
760922,2.4416957
22915,0.84910345
183756,1.2739941
667782,-0.631409
604556,-0.16512153
592930,0.3373137
315520,1.285296
311009,2.1192436
643520,-0.6353821
488550,1.7257571
382914,0.60860187
644993,0.025711168
108162,-0.62769467
530201,2.1854892
388834,0.50796276
662430,-0.66467273
312860,-0.28176647
647564,0.36126086
200310,-2.6630096
507334,-1.5750905
241830,1.6330706
365723,1.1123481
376855,1.3340774
373684,0.99830747
743603,-0.643663
678377,1.1653004
494469,0.93682176
686130,1.044579
305693,0.48559844
275917,-1.5572922
512680,1.0202166
837054,-2.0631802
191516,-2.0483046
446565,1.1350461
65372,3.514599
871568,-2.3139367
994791,-1.3809276
439615,0.5038356
890813,0.007097153
415772,-1.0392761
954201,-1.1821482
459639,-0.52549416
652795,1.4729552
311659,1.4494102
372130,-1.2451317
215362,1.3233556
623099,0.70621103
525202,-0.44743353
44420,-0.26328057
15940,0.10341441
478331,-2.0915325
217543,0.22486955
717925,1.6820705
773763,0.51997304
894680,1.0247678
402191,-1.1467308
700112,3.0794365
68002,-0.18318334
187386,-0.6627114
158647,0.55947536
455020,0.0575699
926335,-0.48616982
568472,-0.60611784
981433,-2.0294085
308953,-1.3670996
172382,0.7689635
953156,1.3550098
103321,-0.9727979
988799,-1.1853929
393815,-2.890262
789405,-0.8834075
947013,-0.4808278
489299,1.3169235
203444,-0.19104603
422088,0.66440725
673470,1.0705348
198265,-2.1490507
351160,1.4901739
541791,-2.0814931
315336,1.8208969
351946,-1.4264909
565997,-0.24465895
122370,1.0097839
169049,3.1230836
774919,0.6902707
338683,0.6502295
594575,2.1481483
811107,1.36331
449610,-1.1139553
696680,-1.6233159
340240,0.39840728
992858,-1.1978213
383483,-0.20185223
262174,0.9820026
441337,-0.52692616
677857,-1.8123058
7100,0.5416635
837841,-0.25221702
44717,-1.1538239
875699,-0.8349732
950737,0.7285799
811249,-2.3905447
720859,-2.4423547
767019,0.7741606
122633,-0.7198163
410011,0.472092
292807,-1.5676457
226500,-0.5175353
571390,0.82050663
27949,2.6831062
962287,0.158607
345918,-1.5286694
685115,0.68393797
595104,-1.0010139
898094,0.27935097
1260,0.36708495
194559,0.44400108
914789,0.19561738
467791,0.91456115
503162,-3.578872
492459,0.7887574
588548,0.448691
125683,-2.872901
57678,0.81074613
423901,-1.3564405
704229,-1.3655181
310970,1.8743892
884056,-0.13102251
803267,1.927516
558585,0.9856059
610310,0.4889571
960530,-1.5862095
429879,-1.4378033
351956,1.1482449
709381,-1.1154166
326728,0.796242
189649,1.8205975
217150,2.4665725
489404,-2.1284022
223244,-1.364697
674252,1.5886248
840272,-1.1554979
354645,1.020314
115916,1.9032328
983057,1.0025063
171045,-3.465277
839567,1.3007143
81609,1.9017273
531052,-1.4392085
186971,-3.471646
69813,1.2427143
999140,1.4082274
733832,-0.011101693
269403,0.2761935
365824,-0.15632635
839762,1.3366802
843777,2.5686686
326932,0.7011308
73496,-0.9910077
913763,0.6060055
424077,-2.5841205
454512,1.6323903
787130,-0.54370195
928859,2.779513
191592,2.4079652
687882,-0.25684264
642297,1.0365624
407611,0.08796673
799743,-1.2820069
355771,-0.023686262
743698,-2.4255767
896149,2.5150406
35133,-0.60510427
242239,-0.21330823
277002,-0.17765039
722069,0.42434013
418855,1.5912802
699882,-2.100017
694475,1.407856
604647,-0.14386606
147864,1.2746001
498249,0.6198851
407554,-0.60010326
870987,-1.2702379
97064,-2.5797946
583824,-0.09673757
991277,1.979906
686055,2.44669
481804,-2.157824
780025,1.8114926
280726,-2.5042725
338385,1.8090625
598925,-1.3705196
639565,0.13546327
71739,-1.5901138
664543,3.0795593
193306,0.80008966
709563,1.346342
913816,0.4153541
19809,0.4334391
423721,0.48460737
746547,1.2861029
507874,-1.0194134
776076,-1.3412887
989737,1.530622
763374,1.0035659
610430,0.4466768
801033,-1.5361027
753643,-1.1406306
653423,0.25504324
569590,-0.70545703
994897,-0.2682971
534194,0.34339693
70344,0.5009595
119040,2.2283404
478393,1.5421257
802440,-1.3038892
253430,-0.9085446
204078,0.030685438
826197,-0.056791604
820295,1.8474655
388582,0.23591703
210021,-1.5760585
730249,0.6312909
376110,-0.7674335
715186,-2.6200976
376758,-2.5530787
990480,-1.8384337
936402,-0.004342937
849031,0.25397235
903259,-0.24602473
492588,2.2039466
155588,-2.0484717
951553,-0.7906164
527393,-0.63227755
378037,-2.432799
914590,-0.028000666
925757,-3.2393293
764431,0.33107272
638072,1.013197
599325,-2.781417
62727,0.029800752
888594,-1.823296
828677,-1.8304483
264028,0.5190558
311829,0.6299195
452852,0.732539
829070,2.1657953
727044,-1.4665415
874926,2.595376
533869,-0.30789003
405218,-0.38982242
193023,0.5952266
828011,0.9605723
661236,-0.020064648
89677,-0.2462078
29460,-1.7101729
7574,-2.0874987
179457,-1.6001596
141313,-1.8007164
425966,0.32805517
470447,-0.76906615
647686,-1.7042578
879295,-2.6017017
535810,-0.07794458
947558,-0.30442548
579042,-0.19414216
370746,-1.4023553
289373,1.6768274
875200,0.007141984
754709,0.6937551
708298,-1.5611637
683652,0.64881945
137360,2.1795566
844366,1.0261587
638284,-0.67847943
700351,-1.3006135
270227,1.8014647
189404,-0.82379436
350783,0.3167225
734016,-3.4361572
125983,-0.45001435
685805,-0.84844685
960445,1.3857511
315931,-1.14564
959267,-1.7344639
1820,-0.6205435
963955,1.2053193
739218,-1.0081227
137413,0.9313899
865430,1.798684
610506,0.112397395
146105,2.006067
289985,-2.6713748
257486,1.1584715
260032,0.16349488
855980,-0.6178815
546911,2.462644
482816,-0.6633992
550254,-0.05993274
893998,-1.4706413
441332,1.921592
806546,0.89467305
986433,1.2311013
38108,-1.4916325
929276,0.34388033
443844,-0.3887904
412164,-1.0938016
11076,-0.79528326
909701,-1.0484879
704429,0.7646402
362806,1.3350047
12027,0.022397634
258385,-0.6228402
657520,-0.6164695
8492,-2.885351
630086,1.3998964
856931,0.043899417
89190,-0.32220528
641999,1.3962139
993235,-1.3518405
347438,1.4330087
195762,1.5879344
842397,0.21437344
663598,0.5322104
728645,0.3522007
584323,0.91915333
421389,-0.897981
512977,-1.5171763
969410,-0.5079247
387982,-0.7593215
688629,0.105147764
224972,-0.5351237
294964,0.27960452
705997,-1.576435
449343,-1.850517
94567,1.3563402
890391,-0.13766474
180425,0.26441008
789659,-0.39437255
896719,1.2956282
430339,-0.53411704
268812,-1.2342254
56924,0.050836716
390056,1.1829582
935080,-0.19070512
544754,-2.502486
895545,0.75680804
477804,1.4523387
807403,1.715974
621070,-0.7980946
507333,2.6681423
213211,-1.0208217
472187,1.0072771
230301,-2.301077
754405,0.947249
287048,-2.3636608
586946,-0.06648556
377138,-2.117479
10600,0.6779611
476536,-0.5526694
553673,1.4507661
745541,0.44195
578815,0.11737464
71954,-1.828824
596481,-0.7424925
257699,-0.7523816
174002,-0.8957381
412563,2.8401146
734255,-2.081963
44247,0.84480476
323361,-0.75944453
760304,-2.9879298
688184,0.45829892
1949,1.6998395
867508,-1.7123382
926632,3.7908661
451021,0.9955052
220857,-0.78681856
624270,1.3413954
512608,-2.071656
916862,0.11264668
212348,-1.1707895
992408,1.5249767
680776,-0.2862266
91702,0.031765886
285314,0.95995474
972121,2.1165066
61282,1.8451345
682064,-1.3475829
173876,-1.5403738
920392,-0.46311197
554913,1.0864469
697887,-1.8901241
822712,-1.183412
29677,2.215656
127635,0.77014834
191728,-0.75564003
985136,0.92018545
751216,2.5093665
305075,2.0405848
404470,-0.40667805
394361,0.6277892
654996,0.65899855
147240,-2.1198866
273405,-0.29565197
591549,-2.3309495
308795,-0.014109265
198518,0.82188123
235144,1.4298348
910369,-1.4598286
779867,-2.0740983
667877,0.52122754
710695,-1.5172977
733782,-0.4827665
812548,-2.0591905
727196,-0.2973423
525229,-0.8728087
508969,-0.54007304
712831,1.838934
43066,-2.0801926
284694,0.5759356
515564,-0.13369939
194573,0.3295097
61506,-0.29707623
299994,-0.2942285
313022,1.3286115
366314,1.4898754
783548,-1.3467007
705522,0.51635695
889385,1.765556
281016,1.6357702
205334,-1.9752228
17575,-0.4478688
45790,0.37448972
331264,1.6834748
548383,-0.063648656
670354,-2.360938
394055,2.635547
806386,0.56997275
293512,-0.46550614
858180,0.45842522
442426,-0.36120343
211063,-1.0723234
279952,-1.4714075
584255,-1.147649
989633,-0.27767658
684981,-1.0628903
742925,0.53780556
288839,-3.4801898
232609,-1.2238533
805696,1.7302744
231161,-0.89523745
292455,0.71808326
551005,-0.4563555
587762,-1.5411013
716633,-1.7858086
423185,0.52498835
42350,0.8197427
803848,1.0519989
838188,0.26880917
355946,-1.2737043
257936,0.16640258
415779,-0.6006494
337657,1.438902
424238,0.95538425
617708,-1.3941673
430433,0.68972474
863777,-0.7539016
949537,1.0017182
504259,-2.532177
886372,-0.21518818
77739,-0.14206347
701238,-2.4534006
544535,-0.17045242
614327,0.47719833
396740,1.1389289
718527,-0.75210077
155310,-1.939622
519599,0.5507238
545960,0.6448673
856269,0.6584172
285626,-1.5029529
194828,0.84968346
11253,-1.6068412
226982,1.8557063
625552,0.65680164
755604,-1.3988056
874446,-1.1948644
586368,0.30208915
57474,1.714546
57405,-1.1881685
83743,2.7327042
772202,-1.2516379
891486,-3.349007
196604,-2.0242403
954177,-1.7595556
490252,-0.2366566
822624,-1.1384022
206644,-0.25570714
841098,1.9238516
114179,-0.92053455
498393,-1.4258102
464631,1.3145286
112817,-0.16267228
243780,-1.4877241
578429,-1.0189453
367333,1.7331326
531546,-1.4552386
769395,-2.0926883
759257,-1.6128503
676834,0.5710328
748386,-1.6880909
274426,-2.9276576
430462,1.2876546
249000,2.9158633
147593,-0.4961761
624711,-2.4420605
672048,2.0315478
707839,-0.062085614
723975,-0.24090078
795998,-2.123246
160883,-0.32451257
303243,2.002529
416802,2.3127346
849825,-1.2367527
292175,0.325027
677827,-0.23683077
780300,-0.5515879
632374,1.0828521
206617,-0.7924423
789913,1.2789578
526577,0.071059115
114699,1.656489
466136,-0.72721845
90382,-2.0979671
740110,-0.31758863
781101,-2.1562707
948915,-0.9022586
983221,0.581909
433319,-0.5875357
423172,1.1509306
117045,-2.628592
504781,1.2500885
812550,1.6846716
362124,-1.9701996
553877,-1.1611711
439430,-1.7085251
31653,1.9056705
970641,-1.0448173
191248,1.1139169
174303,0.023490058
216976,-0.30290636
951459,0.041856408
500284,1.8936318
885925,2.8288772
755776,-1.894354
735246,1.4682442
707280,-0.6395629
768095,-1.2067777
506500,-1.4978099
657109,-2.1118007
106193,-2.6999717
931235,1.8425682
10496,-2.0780253
906388,-0.11242496
684085,-1.1250992
373609,1.8178401
239799,1.3640426
337009,0.971892
313867,0.25800675
583065,0.06997084
766393,2.5157406
5011,3.0677333
360407,2.2125304
197752,1.9290497
225474,-3.5005352
612792,0.6634632
647400,-1.5733559
63677,0.04139926
479136,-1.7917161
677842,-1.7729709
680680,-1.7524294
764408,-1.7963041
787583,1.7458059
339716,0.81632185
366982,0.75706065
663846,1.976392
644097,2.590524
318503,-1.3073325
990643,-1.1057152
556381,0.34253126
747548,1.7059807
593817,0.50485986
583408,1.406981
282283,-2.6453698
85393,-0.49972785
653926,-1.3548653
61818,-2.046841
811993,1.3604845
59673,-1.8330942
928359,-1.2158794
335962,0.46474278
644296,0.5400723
699813,-0.057551704
984161,-1.3811611
605842,-1.46341
937975,1.2471399
680984,-2.62424
901746,1.9101427
228083,-0.89022887
246642,-0.052582875
803611,-1.2654027
181070,1.3564262
216624,1.9822288
515210,-1.2456695
790659,-0.3040005
346519,-1.5658066
687043,-1.5122703
525475,-2.879559
707681,0.5868944
806466,1.620587
943418,-2.4183106
748444,-0.3192787
211864,0.7213959
400688,0.89033234
789707,1.6464005
360116,-3.5972934
905730,0.16988534
882158,-0.0041580657
374348,-1.4433275
228972,-2.3765469
763431,-0.9845836
305563,2.518718
40427,-1.5988376
353554,1.2276424
391596,1.8691376
51765,-0.11354691
759189,-1.2658329
715686,0.6551335
116583,-3.192868
14203,-0.02442596
136714,2.455339
567683,-1.7197688
767623,1.4996608
163154,2.104914
576346,-3.1968057
324170,1.7528832
395093,-0.13707986
670315,-1.0605329
844839,-0.38929558
425697,-0.3594531
519164,2.5850303
942030,-1.8156197
700055,1.5287784
270303,-0.2857756
174172,-0.34471115
700740,-2.2913682
101967,-0.9517731
232537,-1.237664
774789,-0.20319375
54541,-0.6315713
463451,-1.9629391
530825,1.8229853
718520,1.9936931
416714,-2.987337
815237,0.4950885
790801,2.5948968
779436,0.67481625
981881,-0.3664129
828907,0.4369192
813472,0.3779445
766129,0.82773066
392003,-0.7682094
962341,1.0270734
145174,0.14317209
755038,0.10760294
349415,-1.4626485
835910,0.45772249
154015,1.4015052
182509,-0.80707914
287894,-1.6139867
783655,-1.3947998
385061,2.228506
50393,1.5612166
89743,1.0127001
493433,-3.208201
533575,-0.68179077
875425,-1.7084353
619812,-0.69190633
456740,0.83285844
926875,-0.6661855
940071,0.56955516
643667,1.0605015
136034,-1.3669891
785248,-0.45102194
872916,1.6525966
231039,-2.5406668
300147,-1.0273631
649117,2.582372
478116,-2.3827631
391797,1.5281663
721952,-1.9470116
323060,-1.0839229
951439,-2.015293
315504,0.3901347
494088,0.4007388
97905,1.186001
875296,-2.0390654
635380,-0.27915826
975878,0.7033247
627744,-0.9881539
338224,-0.7744112
44695,-1.0865989
514164,-1.4838729
977037,1.1154832
306199,-0.086887866
309393,-0.90857637
946019,-0.8460908
201922,-0.50936776
985733,-2.0648923
809601,0.97305757
126682,1.242641
624663,-0.41302952
213604,1.5979469
912014,-1.5267761
675718,-0.05079989
621367,-1.5005277
543925,0.6532708
555705,-0.88000214
144098,-1.216465
831482,0.026630515
643068,-1.6770277
638989,-0.9684548
516234,-3.0092092
354966,0.7628309
599473,-2.1234221
318035,0.3408755
792971,1.1478108
558017,-0.39785773
872250,-0.37811208
555714,1.4471614
73948,0.96490055
382676,2.109205
813839,1.6409761
813926,0.71774507
854700,-1.8350794
441909,-2.5201943
407167,0.15623456
223695,-0.03275797
258533,-1.3522716
596290,2.0616927
990270,0.09251919
539328,-0.17651019
606067,-0.52418417
811578,-1.3476686
916103,1.1708008
530125,0.305539
933318,-1.1888332
967376,-1.5994966
759738,0.91252494
892702,0.4256988
10989,1.1484169
630793,1.1391358
429017,1.2952703
158853,-0.22487882
461639,-1.3281217
219792,0.32373285
215215,-1.4572732
24041,-2.1433294
320788,1.4279268
672599,0.9626794
463455,2.7710652
992142,-1.2049761
739639,1.7098764
82789,-0.71328306
310192,2.8404644
787224,1.6785016
314572,-0.123155035
855044,0.098235406
459007,0.86790526
745314,-2.4421246
417069,-1.783987
895472,-1.0289116
156806,-0.2784923
639357,-0.89666384
209487,1.3337482
501510,1.0093312
118154,-0.76266736
138557,2.0973501
691082,2.0972145
423506,1.2058048
22029,-1.3708069
148196,0.18223736
50546,-2.6792896
499335,1.0120764
964145,0.42811787
53416,-0.94593006
29482,1.5789024
847846,0.43670768
290153,0.64048976
527502,0.58366436
822858,-1.1990395
141973,-0.19450557
537370,2.2467706
118402,-2.666232
664872,0.6598664
543945,1.9189281
653548,0.8894659
603457,0.6679555
167905,-0.6848874
512993,0.51106054
718247,-0.4448505
419381,-1.0896578
851321,-1.0982106
914254,-0.025748182
411089,-1.4985684
28837,0.6393633
987936,1.856554
972232,2.6593435
35423,0.4445509
158713,-1.424125
975402,-1.9199103
71325,2.1523108
781557,0.5562475
420762,-1.4822445
106022,-2.6982765
852479,0.28657472
4164,-0.29226714
737674,1.1306672
506615,0.037346102
698232,-0.90458876
402400,1.2792437
884010,-0.9375463
98542,0.82312816
158927,0.6987549
284183,-0.30690652
595804,1.8844038
217963,1.8051898
593591,1.1044694
583167,-0.40369287
863612,0.3881462
804249,-1.1650414
363675,-0.18847084
135347,1.782459
319086,2.1026163
382403,1.4004971
793011,1.9847801
269882,-0.31258586
962578,1.60226
520512,0.66271955
175132,-2.4670331
54100,1.069745
389031,0.6725867
462390,-0.27886775
764101,-0.1501621
907494,0.18814021
984289,1.9252735
768183,-1.5237674
426891,2.470371
430723,-1.1641809
235739,-1.3798118
654844,-0.6054654
942805,-0.09112478
786876,0.8718985
723200,-1.4207811
464793,0.63098234
570173,-2.2621653
204033,-2.0928004
311000,-1.349846
502418,0.38040832
510671,2.1569452
448793,-0.4104587
362087,0.7660474
150695,1.1419038
667935,-0.46380696
79523,1.0172509
611530,-1.2792833
470814,-0.9446733
824392,0.13800302
161500,0.22904709
346276,0.618726
457504,0.30402339
444887,0.36687297
372619,-1.2657909
663259,2.4759505
867479,-0.4423495
141163,-3.1102698
193773,-0.7428718
739071,1.814495
958565,0.86435723
189712,-1.5597996
453859,2.58908
530691,1.2584251
48708,-1.5071841
309009,0.666297
513205,-0.5438645
589987,0.9941048
18696,1.5745836
654208,-0.6716274
746182,-0.32868883
575476,-1.8552959
206945,3.1358774
533272,-0.93512815
315366,-1.3068917
701410,-0.28368732
470365,-0.34397167
177826,1.4852948
940463,2.1429367
649370,1.198501
662593,-0.9949232
892512,-0.085827105
210308,0.54377675
997618,-0.7310687
449796,-3.0952983
756927,1.4074967
75437,-0.58146095
526711,-0.0039812224
696527,1.8554124
900460,1.1371753
831399,-2.404159
359166,0.25947294
559654,-1.6267884
987815,1.0476242
382220,-0.3179644
683830,-0.8381652
848411,-0.54517937
869053,-0.019845437
285501,-1.3164923
46205,-1.3638754
783300,-1.2640594
779752,2.812556
545042,-2.5027847
214059,2.0511477
821430,-3.2335951
280247,0.70504946
282613,-2.1196444
388385,0.50004834
975931,0.9853556
696155,-0.6499838
63049,2.865236
27492,1.3574951
411856,-2.0987582
971113,-0.75073093
730297,-0.5334046
642847,-2.5203996
23332,0.74496263
730981,1.3845954
662213,0.5085111
557546,0.2945374
696737,-1.4072269
486330,-0.0029243887
941922,2.9863572
157461,-2.1417975
56054,-1.2376057
459164,1.6223321
560313,3.350385
801971,-0.6968823
690964,-0.4857661
426175,1.2405409
732960,-2.2916837
573226,1.1074307
773365,-0.4733363
232693,-1.6172893
943405,-1.5851644
637767,-1.9868455
506930,-1.3242309
317442,-0.5568081
619543,2.509253
638848,-0.16448277
994282,-1.4992992
48635,-2.321209
669642,-1.2944957
153785,-0.9766417
21924,-0.16369623
397393,-0.2685647
925397,0.22930837
460832,2.148178
151235,-2.4717991
508200,-1.2249023
830198,-0.24558711
671013,0.8810243
110356,2.4334543
520422,1.1977601
426688,-1.6220914
898301,1.2821568
471824,1.4684963
141128,2.3688862
319335,-2.9862695
81690,0.24720755
958666,1.8051362
5764,-2.0653415
538314,0.6739545
991859,-1.4421058
814008,1.3499328
125945,-1.7244163
281285,0.58638525
305259,-1.5674237
982862,1.4271876
574308,0.86364245
97144,-1.2984579
711449,1.5975206
998698,1.1703861
568382,0.32776093
366087,1.0457429
654795,-0.4918329
453408,-1.3555727
563794,-0.1305046
502492,0.04846725
195164,1.8996762
97652,-1.466658
982360,0.28364876
142209,2.4575834
647835,0.83093554
904621,1.1195835
939027,2.4929936
212946,1.6442027
394873,0.4439443
224407,-2.0483184
323852,1.1206706
250122,-0.21404332
762234,1.6239928
733532,0.4047919
460734,0.7665743
324770,0.104027875
416808,-1.2808293
656468,-0.8912352
158417,0.044618532
104160,-2.3132048
801286,-0.93963796
853995,0.8855362
314774,1.0997872
902040,0.9993956
353186,0.7260402
850121,-2.3122516
77967,-1.7860276
97911,-2.582544
710057,0.41480428
744539,0.9905629
693368,-1.4446841
650329,-1.2026414
425255,1.9046565
282564,0.7568422
83772,-1.5145216
812946,-3.6867101
873701,-0.90603393
896678,2.1992497
345277,1.2852525
275189,0.7424219
817559,-0.5395964
441512,1.4812179
755749,1.3087069
291619,-0.6364791
687279,0.023084903
894722,-0.15722796
72541,1.8399205
611735,-2.6066654
364184,0.846083
666163,-2.4501572
77042,0.36265573
474173,1.055216
598181,-1.0842872
544028,-2.5805168
384214,-2.8971848
728898,-0.2925511
52134,-2.630941
773221,0.4880078
247386,2.7578971
427593,0.7262586
793594,1.0946263
497032,-1.2281663
628414,0.15579203
954906,1.1120011
718800,0.7380724
611690,0.90593535
38908,2.0901766
950812,-0.63635373
60334,-2.391788
591566,-1.9938458
805387,0.7777473
349671,1.1615757
778709,-0.586758
98918,2.4020443
334030,2.0415292
498084,2.4709594
696557,1.0579202
161971,-0.4652886
21836,2.2725942
331895,-0.97833806
890100,-1.1480545
858282,-1.0205243
181657,3.7446227
178130,-1.1928236
809306,1.654501
848036,0.1958822
712765,-1.774384
135131,1.1622454
277465,0.73148465
964759,1.7707471
394565,-1.044607
441448,-1.571633
129173,0.32998753
102540,2.092163
710814,0.35999742
191214,1.4250541
275213,1.42343
309675,1.8513142
204257,0.78896636
727136,2.7196455
135683,2.084382
107841,1.6532776
419407,2.406099
129093,-1.4412205
618983,-0.1353904
233364,2.054718
664121,1.3107187
678519,-0.26915726
61444,0.7086034
757404,-1.3019459
463255,1.2841632
418517,-3.5616455
200384,-1.5949111
984348,0.82321227
593009,0.0027980441
397904,1.7230607
52909,0.98917454
662218,1.0832529
819238,-1.0419861
124545,-0.5055539
91385,0.9881824
421373,-0.0013820281
940702,-0.34978813
678448,0.58444446
409622,-2.6744835
521315,-3.0737998
977595,-1.5680553
878567,-1.8366334
270184,3.6511922
649662,0.13730943
443823,-1.8942411
419736,1.2765291
719913,-1.0673182
466931,1.6745213
971604,0.376996
2790,-0.47801176
159210,-0.8207128
366040,0.25189197
901742,0.0065192813
